,Jesus David,Rodriguez Chamorro,1000234213,test123,3229840101,JdRodriguez@gmail.com,1
,Sergio David,Jacome Rodriguez,1000234229,test123,3119456412,SdJacome2003@gmail.com,1
,Brayan Alexander,Suarez Ropero,1000345320,test123,3228993343,BaSuarez@gmail.com,1
,Gabriel Stiven,Velandia Ochoa,1000345325,test123,3112323421,GsVelandia@gmail.com,1
,Aiden David,Cortez Gomez,1000999888,test123,3224564341,AdavidCortez@gmail.com,1
,Yeison Alexander,Farfan Peralta,1000456454,test123,3224563212,YalexanderFarfan@gmail.com,1
,Zoila Sara,Vaca Diaz,1000234323,test123,3223453212,ZsVaca@gmail.com,1
,Maria Paula,Soto Oliveros,1000345328,test123,3229453212,MpSoto@gmail.com,1
,Camilo Esteban,Zuluaga Viloria,1000345345,test123,3221232212,CeZuluaga@gmail.com,1
,Alejadro David,Munevar Cortez,1000234221,test123,3229821323,AdMunevar@gmail.com,1
,Victor Hugo,Dominguez Pelaez, 10002342211,test123,3114321234,VhDominguez@gmail.com,1
,Pablo Jose,Narciso Mina,1000345327,test123,3224532311,PjNarciso@gmail.com,1
,David Guillermo,Rodriguez Aguirre,10002342342,test123,3110345634,DgRodriguez@gmail.com,1
,Federico Jose,Paez Rocha,1000234210,test123,3224563453,FjPaez@gmail.com,1
,Jorge Fernando,Galindo Villanueva,1000344333,test123,3229234312,JfGalindo@gmail.com,1
,Octavio Andres,Bautista Garzon,1000444333,test123,3229234312,JGrarzon3@gmail.com,1
,Jhon Esteban,Suarez Villa,10003468908,test123,3224563212,JeSuarez@gmail.com,1
,Walter Mauricio,Zanabria Paez,1000345322,test123,3224443343,WmZanabria@gmail.com,1
,Camilo Samuel ,Waltero Fez,1000345321,test123,3221234312,CsWaltero@gmail.com,1
,Ivan Dario,Cabrera Ropero,1024487239,test123,3208006769,dario-cabrera@hotmail.com,1
,Luis Alfredo,Suarez Murillo,80385224,test123,310385224,albra_murillo@hotmail.com,1
,Betty Yaneth,Ropero,70254319,test123,315274894,beropero44@gmail.com,1
,Andre Nicolai,Londoño Benitez,100245796,test123,321574326,andrelondoño2001@gmail.com,1
,Jose Luis,Londoño Benitez,100785423,test123,3102005487,joseluis2003@gmail.com,1
,Sergio Paulo,Cortes Lopez, 100056987,test123,3156009485,sergiopaulo07@gmail.com,1
,Jhon Anderson,Rodriguez Sosa,100254898,test123,320584712,sosarodriguez@gmail.com,1
,Marisol,Villa Ramirez,10054896,test123,310203645,mary2003@gmail.com,1
,Stefany Sofia,Amado Lopez,1000785241,test123,321500698,enana2007@gmail.com,1
,Diego Santiago,Ropero Lopez,1000333111,test123,321500698,Dsantiago2007@gmail.com,1
,laura Sara,Ropero Lopez,1000444111,test123,321500699,RoperoL2007@gmail.com,1
,Sara Sofia,Trilleras Duarte,1000665111,test123,3229432100,Sarita@gmail.com,1
,Andrea Sofia,Terres Torres,1000665555,test123,3222223343,AndreaSofria@gmail.com,1
,Alexander,Diaz Torres,1000555555,test123,3112223321,AlexDiaz@gmail.com,1
,Camilo Jose,Jimenez Suazo,1000334334,test123,323111080,CJimenez@gmail.com,1
,jose Jose,Jimenez Suazo,100003444,test123,323111050,JJimenez@gmail.com,1
,Jhon Esteban,Rico Ruiz,1000888765,test123,323111040,JRico@gmail.com,1
,Daniel Stiven,Tique Rocha,1000123098,test123,323111020,DTique@gmail.com,1
,Pepe David,Reina Brocha,1000998778,test123,323111120,PReina@gmail.com,1
,David Eduardo,De gea Suazo,10007777777,test123,323111900,DDgea@gmail.com,1
,Cristian Geovanny,Ochoa Suarez,1000100022,test123,323111285,COchoa@gmail.com,1
,Cristian Stiven,Ochoa Suarez,1000454545,test123,3234654912,COchoa1@gmail.com,1
,Gohan San,Oliveira Paz,1000222222,test123,323000009,GSan@gmail.com,1
,Ali Jamet,Paz Olivos,1000000005,test123,3229342910,APaz@gmail.com,1
,Ramiro Jose,inirida Perez,10123232123,test123,323111282,RInirida@gmail.com,1
,Xiomara karina,zamora sosa,794544342,test123,3232323232,XZamora@gmail.com,1
,Jhon Chistensen,Wick Suarez,23232323,test123,3200000002,JWick@gmail.com,1
,Carlos Carleto,Anchelotti Dominguez,100976766,test123,323232323,CAnchelotti@gmail.com,1
